{
	"pools": [
		{
			"rolls": 1,
			"entries": [
				{
					"type": "minecraft:item",
					"name": "minecraft:written_book",
					"functions": [
						{
							"function": "minecraft:set_components",
							"components": {
								"minecraft:item_name": "[{\"translate\":\"universal_manual.universal\", \"color\": \"blue\", \"italic\": false}, {\"translate\":\"universal_manual.manual\", \"color\": \"yellow\"}]",
								"minecraft:max_stack_size": 1,
								"minecraft:item_model": "universal_manual:universal_manual",
								"minecraft:custom_data": {
									"universal_manual": {"universal_manual": true},
									"smithed": {"ignore": {"functionality": true,"crafting": true}}
								}
							}
						}
					]
				}
			]
		}
	]
}
