{
	"pools": [
		{
			"rolls": 1,
			"entries": [
				{
					"type": "minecraft:item",
					"name": "minecraft:command_block",
					"functions": [
						{
							"function": "minecraft:set_components",
							"components": {
								"minecraft:custom_data": {
									"smithed": {"dict": {"nugget": {"steel": true}},"ignore": {"functionality": true,"crafting": true}},
									"your_namespace": {"steel_nugget": true}
								},
								"minecraft:item_model": "your_namespace:steel_nugget",
								"minecraft:item_name": "{\"translate\":\"your_namespace.steel_nugget\", \"italic\": false, \"color\": \"white\"}",
								"minecraft:lore": [
									"{\"translate\":\"your_namespace.template\", \"italic\": true, \"color\": \"blue\"}"
								]
							}
						}
					]
				}
			]
		}
	]
}
